repo_id,Date,Commit_msg,Commit_counter,Commit_hash,Issue,Description
codes/Raspberry-Pi-Pico-Projects,2022-09-14T01:06:08-05:00,433 Mhz Protocol Set,2,0a03731b39b00930dba9aefe4d15ee353bfe18cc,notVolatileVarIrq,main.c.dump
codes/Raspberry-Pi-Pico-Projects,2022-09-14T01:41:22-05:00,Compiled Project not sure about malloc library,3,17868cc1ef88b40ac0e9a12bde26cf43dfdabe26,notVolatileVarIrq,main.c.dump
codes/Raspberry-Pi-Pico-Projects,2022-09-18T23:46:01-05:00,"PWM driver, servo lib and valve lib added to project autowatering",4,0827468627c93af26b8367b68a684ee5526c6545,notVolatileVarIrq,main.c.dump
codes/Raspberry-Pi-Pico-Projects,2022-09-19T23:59:48-05:00,Finite State Machine of Decoding 433MHZ MSG modified,5,62575bb532f47b19002a3296374ff9cf55d2d491,notVolatileVarIrq,main.c.dump
codes/Raspberry-Pi-Pico-Projects,2022-09-20T00:12:42-05:00,decoding-fsm lib added to cmake file,6,ebcc9f26870a2cd945d71175cb0dadd9cf42b170,notVolatileVarIrq,main.c.dump
codes/Raspberry-Pi-Pico-Projects,2022-09-20T00:40:34-05:00,Project compilation done successfully,7,95be9310458236b507ade75e24c514bc6421536c,notVolatileVarIrq,main.c.dump
codes/Raspberry-Pi-Pico-Projects,2022-09-20T23:16:19-05:00,"Cmake Lists done correctly, everything compiled with no warnings",8,c9da9c5373c07b1c378b432cd16152c5d8e234f6,notVolatileVarIrq,main.c.dump
codes/Raspberry-Pi-Pico-Projects,2022-09-20T23:34:09-05:00,test changes added,9,00a0cab5d5328e9098195646bc51418247973014,notVolatileVarIrq,main.c.dump
codes/Raspberry-Pi-Pico-Projects,2022-09-20T23:42:16-05:00,unnecessary libs removed from cmakelists,10,626a9b9c7c93e26f669c2827a23a6bbaaa366cdd,notVolatileVarIrq,main.c.dump
codes/RaspberryPiPico-Termo-Alarm,2023-10-08T19:06:03-03:00,Create termo alarm,0,2f72d26fcd8c2c1f6a91e9cace11e3150cf0d017,notVolatileVarIrq,main.c.dump
codes/RaspberryPicoW_with_C,2023-10-29T21:51:55+02:00,Initial commit,3,c9819cf7fd7bde2c0a684c680c5711133c8bac1e,notVolatileVarIrq,main.c.dump
codes/RaspberryPicoW_with_C,2023-10-29T21:51:55+02:00,Initial commit,3,c9819cf7fd7bde2c0a684c680c5711133c8bac1e,notVolatileVarIrq,main.c.dump
codes/RaspberryPicoW_with_C,2023-11-01T20:49:43+02:00,Create main.c,19,4ffef83a236ca22a1d8ee203c7ede8c7b801522d,notVolatileVarIrq,main.c.dump
codes/RaspberryPicoW_with_C,2023-11-01T20:57:17+02:00,Update main.c,20,0523a57053869316c5515b2e63a093d5c39912da,notVolatileVarIrq,main.c.dump
codes/RaspberryPicoW_with_C,2023-11-01T21:36:14+02:00,Update main.c,21,c984e6da10458e71a0b54e4f8e4c0e972335e1ce,notVolatileVarIrq,main.c.dump
codes/RaspberryPicoW_with_C,2023-11-01T21:37:15+02:00,Update main.c,22,5f12210608261fe7251f51308493c207283dd14c,notVolatileVarIrq,main.c.dump
codes/RaspberryPicoW_with_C,2023-11-07T15:31:52+02:00,Create main.cpp,23,f540fbbdaecc2d76421586161b42f572a852971b,notVolatileVarIrq,main.c.dump
codes/RaspberryPicoW_with_C,2023-11-08T20:42:56+02:00,Update main.cpp,24,b32b86dbc1a2dd28e1a2ff97da94944410e29bdd,notVolatileVarIrq,main.c.dump
codes/RaspberryPicoW_with_C,2023-11-08T20:50:35+02:00,Update main.cpp,25,f886b24462370b3fc1fdef8c8e7ee53eb57febcf,notVolatileVarIrq,main.c.dump
codes/RaspberryPicoW_with_C,2023-11-08T20:53:30+02:00,Update main.cpp,26,90c3fcc91ae499be297c60ff3d52320dea97e5f2,notVolatileVarIrq,main.c.dump
codes/RaspberryPicoW_with_C,2023-11-08T22:18:36+02:00,Update main.cpp,27,c1ec48d5bb249e6c4400913b65e770a14bf8db40,notVolatileVarIrq,main.c.dump
codes/RaspberryPicoW_with_C,2023-11-08T22:21:02+02:00,Add files via upload,28,f8e7e0d6f27e70e436c59c0f070c18ef35c58707,notVolatileVarIrq,main.c.dump
codes/RaspberryPicoW_with_C,2023-11-11T08:21:09+02:00,Update main.cpp,29,c8b7d3d411853259b2d7f3922d321ac6c22fcf32,notVolatileVarIrq,main.c.dump
codes/RaspberryPicoW_with_C,2023-11-11T09:29:39+02:00,Update main.cpp,30,d8d693712b7135b8840f473db722bd1c5fb1371f,notVolatileVarIrq,main.c.dump
codes/RaspberryPicoW_with_C,2023-11-11T10:21:10+02:00,Update main.cpp,31,e71797aea74706840ccb616722cade481f7406cc,notVolatileVarIrq,main.c.dump
codes/RaspberryPicoW_with_C,2023-11-11T11:33:52+02:00,Update main.cpp,32,777ce91d227d9eea33c62fcb09b609407d2e4da4,notVolatileVarIrq,main.c.dump
codes/raspberry-pi-pico-oscilloscope,2024-04-21T15:47:53+01:00,Add files via upload,1,c27ba429f0e4aa7401ffeff51c416a9f1fa7bc7d,Traceback (most recent call last),
codes/raspberry-pi-pico-oscilloscope,2024-04-21T15:47:53+01:00,Add files via upload,1,c27ba429f0e4aa7401ffeff51c416a9f1fa7bc7d,"    for event, node in ElementTree.iterparse(self.filename, events=('start', 'end'))",
codes/raspberry-pi-pico-oscilloscope,2024-04-21T15:47:53+01:00,Add files via upload,1,c27ba429f0e4aa7401ffeff51c416a9f1fa7bc7d,FileNotFoundError, [Errno 2] No such file or directory: 'codes/raspberry-pi-pico-oscilloscope/main.c.dump'
codes/raspberry-pi-pico-oscilloscope,2024-04-23T18:13:12+01:00,Add files via upload,2,117df6539d92ef6dcda2b76bcd8588e67417dac1,Traceback (most recent call last),
codes/raspberry-pi-pico-oscilloscope,2024-04-23T18:13:12+01:00,Add files via upload,2,117df6539d92ef6dcda2b76bcd8588e67417dac1,"    for event, node in ElementTree.iterparse(self.filename, events=('start', 'end'))",
codes/raspberry-pi-pico-oscilloscope,2024-04-23T18:13:12+01:00,Add files via upload,2,117df6539d92ef6dcda2b76bcd8588e67417dac1,FileNotFoundError, [Errno 2] No such file or directory: 'codes/raspberry-pi-pico-oscilloscope/main.c.dump'
codes/raspberry-pi-pico-oscilloscope,2024-04-23T18:27:04+01:00,Add files via upload,3,5aa6e86059b2f5c4b61188c14a29fdfd4c1fa579,Traceback (most recent call last),
codes/raspberry-pi-pico-oscilloscope,2024-04-23T18:27:04+01:00,Add files via upload,3,5aa6e86059b2f5c4b61188c14a29fdfd4c1fa579,"    for event, node in ElementTree.iterparse(self.filename, events=('start', 'end'))",
codes/raspberry-pi-pico-oscilloscope,2024-04-23T18:27:04+01:00,Add files via upload,3,5aa6e86059b2f5c4b61188c14a29fdfd4c1fa579,FileNotFoundError, [Errno 2] No such file or directory: 'codes/raspberry-pi-pico-oscilloscope/main.c.dump'
codes/raspberry-pi-pico-oscilloscope,2024-04-24T14:38:12+01:00,Update README.md,4,625bae268ffd7cb83a6cd3a61f5498f0e3dd0988,Traceback (most recent call last),
codes/raspberry-pi-pico-oscilloscope,2024-04-24T14:38:12+01:00,Update README.md,4,625bae268ffd7cb83a6cd3a61f5498f0e3dd0988,"    for event, node in ElementTree.iterparse(self.filename, events=('start', 'end'))",
codes/raspberry-pi-pico-oscilloscope,2024-04-24T14:38:12+01:00,Update README.md,4,625bae268ffd7cb83a6cd3a61f5498f0e3dd0988,FileNotFoundError, [Errno 2] No such file or directory: 'codes/raspberry-pi-pico-oscilloscope/main.c.dump'
codes/raspberry-pi-pico-oscilloscope,2024-04-24T14:39:27+01:00,Update README.md,5,802daaf2286d2ad0fe61c9ddfc3569c43185d5dc,Traceback (most recent call last),
codes/raspberry-pi-pico-oscilloscope,2024-04-24T14:39:27+01:00,Update README.md,5,802daaf2286d2ad0fe61c9ddfc3569c43185d5dc,"    for event, node in ElementTree.iterparse(self.filename, events=('start', 'end'))",
codes/raspberry-pi-pico-oscilloscope,2024-04-24T14:39:27+01:00,Update README.md,5,802daaf2286d2ad0fe61c9ddfc3569c43185d5dc,FileNotFoundError, [Errno 2] No such file or directory: 'codes/raspberry-pi-pico-oscilloscope/main.c.dump'
codes/raspberrypipico,2023-04-12T22:25:49+05:30,Add files via upload,1,c856f2288f760445265523cc1438710d73ccfcad,notVolatileVarIrq,main.c.dump
codes/raspberrypipico,2023-04-12T22:25:49+05:30,Add files via upload,1,c856f2288f760445265523cc1438710d73ccfcad,notVolatileVarIrq,main.c.dump
codes/raspberrypipico,2023-04-12T22:25:49+05:30,Add files via upload,1,c856f2288f760445265523cc1438710d73ccfcad,notVolatileVarIrq,main.c.dump
codes/raspberrypipico,2023-04-12T22:25:49+05:30,Add files via upload,1,c856f2288f760445265523cc1438710d73ccfcad,notVolatileVarIrq,main.c.dump
codes/raspberrypipico,2023-04-12T22:25:49+05:30,Add files via upload,1,c856f2288f760445265523cc1438710d73ccfcad,notVolatileVarIrq,main.c.dump
codes/raspberrypipico,2023-04-12T22:25:49+05:30,Add files via upload,1,c856f2288f760445265523cc1438710d73ccfcad,notVolatileVarIrq,main.c.dump
codes/raspberrypipico,2023-04-12T22:25:49+05:30,Add files via upload,1,c856f2288f760445265523cc1438710d73ccfcad,notVolatileVarIrq,main.c.dump
codes/raspberrypipico,2023-04-12T22:25:49+05:30,Add files via upload,1,c856f2288f760445265523cc1438710d73ccfcad,notVolatileVarIrq,main.c.dump
codes/raspberrypipico,2023-04-12T22:25:49+05:30,Add files via upload,1,c856f2288f760445265523cc1438710d73ccfcad,notVolatileVarIrq,main.c.dump
codes/raspberrypipico,2023-04-12T22:25:49+05:30,Add files via upload,1,c856f2288f760445265523cc1438710d73ccfcad,notVolatileVarIrq,main.c.dump
codes/raspberrypipico,2023-04-12T22:25:49+05:30,Add files via upload,1,c856f2288f760445265523cc1438710d73ccfcad,notVolatileVarIrq,main.c.dump
codes/raspberrypipico,2023-04-12T22:25:49+05:30,Add files via upload,1,c856f2288f760445265523cc1438710d73ccfcad,notVolatileVarIrq,main.c.dump
codes/raspberrypipico,2023-04-12T22:25:49+05:30,Add files via upload,1,c856f2288f760445265523cc1438710d73ccfcad,notVolatileVarIrq,main.c.dump
codes/raspberrypipico,2023-04-12T22:25:49+05:30,Add files via upload,1,c856f2288f760445265523cc1438710d73ccfcad,notVolatileVarIrq,main.c.dump
codes/raspberrypipico,2023-04-12T22:25:49+05:30,Add files via upload,1,c856f2288f760445265523cc1438710d73ccfcad,notVolatileVarIrq,main.c.dump
codes/raspberrypipico,2023-04-12T22:28:49+05:30,Create FreeRTOS,2,84332d8de535c15d5cb784c0261281b4c439e91f,notVolatileVarIrq,main.c.dump
codes/raspberrypipico,2023-04-12T22:28:49+05:30,Create FreeRTOS,2,84332d8de535c15d5cb784c0261281b4c439e91f,notVolatileVarIrq,main.c.dump
codes/raspberrypipico,2023-04-12T22:28:49+05:30,Create FreeRTOS,2,84332d8de535c15d5cb784c0261281b4c439e91f,notVolatileVarIrq,main.c.dump
codes/raspberrypipico,2023-04-12T22:28:49+05:30,Create FreeRTOS,2,84332d8de535c15d5cb784c0261281b4c439e91f,notVolatileVarIrq,main.c.dump
codes/raspberrypipico,2023-04-12T22:28:49+05:30,Create FreeRTOS,2,84332d8de535c15d5cb784c0261281b4c439e91f,notVolatileVarIrq,main.c.dump
codes/raspberrypipico,2023-04-12T22:28:49+05:30,Create FreeRTOS,2,84332d8de535c15d5cb784c0261281b4c439e91f,notVolatileVarIrq,main.c.dump
codes/raspberrypipico,2023-04-12T22:28:49+05:30,Create FreeRTOS,2,84332d8de535c15d5cb784c0261281b4c439e91f,notVolatileVarIrq,main.c.dump
codes/raspberrypipico,2023-04-12T22:28:49+05:30,Create FreeRTOS,2,84332d8de535c15d5cb784c0261281b4c439e91f,notVolatileVarIrq,main.c.dump
codes/raspberrypipico,2023-04-12T22:28:49+05:30,Create FreeRTOS,2,84332d8de535c15d5cb784c0261281b4c439e91f,notVolatileVarIrq,main.c.dump
codes/raspberrypipico,2023-04-12T22:28:49+05:30,Create FreeRTOS,2,84332d8de535c15d5cb784c0261281b4c439e91f,notVolatileVarIrq,main.c.dump
codes/raspberrypipico,2023-04-12T22:28:49+05:30,Create FreeRTOS,2,84332d8de535c15d5cb784c0261281b4c439e91f,notVolatileVarIrq,main.c.dump
codes/raspberrypipico,2023-04-12T22:28:49+05:30,Create FreeRTOS,2,84332d8de535c15d5cb784c0261281b4c439e91f,notVolatileVarIrq,main.c.dump
codes/raspberrypipico,2023-04-12T22:28:49+05:30,Create FreeRTOS,2,84332d8de535c15d5cb784c0261281b4c439e91f,notVolatileVarIrq,main.c.dump
codes/raspberrypipico,2023-04-12T22:28:49+05:30,Create FreeRTOS,2,84332d8de535c15d5cb784c0261281b4c439e91f,notVolatileVarIrq,main.c.dump
codes/raspberrypipico,2023-04-12T22:28:49+05:30,Create FreeRTOS,2,84332d8de535c15d5cb784c0261281b4c439e91f,notVolatileVarIrq,main.c.dump
codes/raspberrypipico,2023-04-12T22:30:13+05:30,Delete FreeRTOS,3,1b820c0b623f7998dfadd2b1a479f42abf0e7167,notVolatileVarIrq,main.c.dump
codes/raspberrypipico,2023-04-12T22:30:13+05:30,Delete FreeRTOS,3,1b820c0b623f7998dfadd2b1a479f42abf0e7167,notVolatileVarIrq,main.c.dump
codes/raspberrypipico,2023-04-12T22:30:13+05:30,Delete FreeRTOS,3,1b820c0b623f7998dfadd2b1a479f42abf0e7167,notVolatileVarIrq,main.c.dump
codes/raspberrypipico,2023-04-12T22:30:13+05:30,Delete FreeRTOS,3,1b820c0b623f7998dfadd2b1a479f42abf0e7167,notVolatileVarIrq,main.c.dump
codes/raspberrypipico,2023-04-12T22:30:13+05:30,Delete FreeRTOS,3,1b820c0b623f7998dfadd2b1a479f42abf0e7167,notVolatileVarIrq,main.c.dump
codes/raspberrypipico,2023-04-12T22:30:13+05:30,Delete FreeRTOS,3,1b820c0b623f7998dfadd2b1a479f42abf0e7167,notVolatileVarIrq,main.c.dump
codes/raspberrypipico,2023-04-12T22:30:13+05:30,Delete FreeRTOS,3,1b820c0b623f7998dfadd2b1a479f42abf0e7167,notVolatileVarIrq,main.c.dump
codes/raspberrypipico,2023-04-12T22:30:13+05:30,Delete FreeRTOS,3,1b820c0b623f7998dfadd2b1a479f42abf0e7167,notVolatileVarIrq,main.c.dump
codes/raspberrypipico,2023-04-12T22:30:13+05:30,Delete FreeRTOS,3,1b820c0b623f7998dfadd2b1a479f42abf0e7167,notVolatileVarIrq,main.c.dump
codes/raspberrypipico,2023-04-12T22:30:13+05:30,Delete FreeRTOS,3,1b820c0b623f7998dfadd2b1a479f42abf0e7167,notVolatileVarIrq,main.c.dump
codes/raspberrypipico,2023-04-12T22:30:13+05:30,Delete FreeRTOS,3,1b820c0b623f7998dfadd2b1a479f42abf0e7167,notVolatileVarIrq,main.c.dump
codes/raspberrypipico,2023-04-12T22:30:13+05:30,Delete FreeRTOS,3,1b820c0b623f7998dfadd2b1a479f42abf0e7167,notVolatileVarIrq,main.c.dump
codes/raspberrypipico,2023-04-12T22:30:13+05:30,Delete FreeRTOS,3,1b820c0b623f7998dfadd2b1a479f42abf0e7167,notVolatileVarIrq,main.c.dump
codes/raspberrypipico,2023-04-12T22:30:13+05:30,Delete FreeRTOS,3,1b820c0b623f7998dfadd2b1a479f42abf0e7167,notVolatileVarIrq,main.c.dump
codes/raspberrypipico,2023-04-12T22:30:13+05:30,Delete FreeRTOS,3,1b820c0b623f7998dfadd2b1a479f42abf0e7167,notVolatileVarIrq,main.c.dump
codes/raspberrypipico,2023-04-12T22:33:13+05:30,Add files via upload,4,9b8876628c04aa5e5ad87754d00e2585d6547f7b,notVolatileVarIrq,main.c.dump
codes/raspberrypipico,2023-04-12T22:33:13+05:30,Add files via upload,4,9b8876628c04aa5e5ad87754d00e2585d6547f7b,notVolatileVarIrq,main.c.dump
codes/raspberrypipico,2023-04-12T22:33:13+05:30,Add files via upload,4,9b8876628c04aa5e5ad87754d00e2585d6547f7b,notVolatileVarIrq,main.c.dump
codes/raspberrypipico,2023-04-12T22:33:13+05:30,Add files via upload,4,9b8876628c04aa5e5ad87754d00e2585d6547f7b,notVolatileVarIrq,main.c.dump
codes/raspberrypipico,2023-04-12T22:33:13+05:30,Add files via upload,4,9b8876628c04aa5e5ad87754d00e2585d6547f7b,notVolatileVarIrq,main.c.dump
codes/raspberrypipico,2023-04-12T22:33:13+05:30,Add files via upload,4,9b8876628c04aa5e5ad87754d00e2585d6547f7b,notVolatileVarIrq,main.c.dump
codes/raspberrypipico,2023-04-12T22:33:13+05:30,Add files via upload,4,9b8876628c04aa5e5ad87754d00e2585d6547f7b,notVolatileVarIrq,main.c.dump
codes/raspberrypipico,2023-04-12T22:33:13+05:30,Add files via upload,4,9b8876628c04aa5e5ad87754d00e2585d6547f7b,notVolatileVarIrq,main.c.dump
codes/raspberrypipico,2023-04-12T22:33:13+05:30,Add files via upload,4,9b8876628c04aa5e5ad87754d00e2585d6547f7b,notVolatileVarIrq,main.c.dump
codes/raspberrypipico,2023-04-12T22:33:13+05:30,Add files via upload,4,9b8876628c04aa5e5ad87754d00e2585d6547f7b,notVolatileVarIrq,main.c.dump
codes/raspberrypipico,2023-04-12T22:33:13+05:30,Add files via upload,4,9b8876628c04aa5e5ad87754d00e2585d6547f7b,notVolatileVarIrq,main.c.dump
codes/raspberrypipico,2023-04-12T22:33:13+05:30,Add files via upload,4,9b8876628c04aa5e5ad87754d00e2585d6547f7b,notVolatileVarIrq,main.c.dump
codes/raspberrypipico,2023-04-12T22:33:13+05:30,Add files via upload,4,9b8876628c04aa5e5ad87754d00e2585d6547f7b,notVolatileVarIrq,main.c.dump
codes/raspberrypipico,2023-04-12T22:33:13+05:30,Add files via upload,4,9b8876628c04aa5e5ad87754d00e2585d6547f7b,notVolatileVarIrq,main.c.dump
codes/raspberrypipico,2023-04-12T22:33:13+05:30,Add files via upload,4,9b8876628c04aa5e5ad87754d00e2585d6547f7b,notVolatileVarIrq,main.c.dump
codes/raspberrypipico,2023-04-12T22:34:37+05:30,Add files via upload,5,08d2d7dbc009644d66722defc5af59bc6b75f077,notVolatileVarIrq,main.c.dump
codes/raspberrypipico,2023-04-12T22:34:37+05:30,Add files via upload,5,08d2d7dbc009644d66722defc5af59bc6b75f077,notVolatileVarIrq,main.c.dump
codes/raspberrypipico,2023-04-12T22:34:37+05:30,Add files via upload,5,08d2d7dbc009644d66722defc5af59bc6b75f077,notVolatileVarIrq,main.c.dump
codes/raspberrypipico,2023-04-12T22:34:37+05:30,Add files via upload,5,08d2d7dbc009644d66722defc5af59bc6b75f077,notVolatileVarIrq,main.c.dump
codes/raspberrypipico,2023-04-12T22:34:37+05:30,Add files via upload,5,08d2d7dbc009644d66722defc5af59bc6b75f077,notVolatileVarIrq,main.c.dump
codes/raspberrypipico,2023-04-12T22:34:37+05:30,Add files via upload,5,08d2d7dbc009644d66722defc5af59bc6b75f077,notVolatileVarIrq,main.c.dump
codes/raspberrypipico,2023-04-12T22:34:37+05:30,Add files via upload,5,08d2d7dbc009644d66722defc5af59bc6b75f077,notVolatileVarIrq,main.c.dump
codes/raspberrypipico,2023-04-12T22:34:37+05:30,Add files via upload,5,08d2d7dbc009644d66722defc5af59bc6b75f077,notVolatileVarIrq,main.c.dump
codes/raspberrypipico,2023-04-12T22:34:37+05:30,Add files via upload,5,08d2d7dbc009644d66722defc5af59bc6b75f077,notVolatileVarIrq,main.c.dump
codes/raspberrypipico,2023-04-12T22:34:37+05:30,Add files via upload,5,08d2d7dbc009644d66722defc5af59bc6b75f077,notVolatileVarIrq,main.c.dump
codes/raspberrypipico,2023-04-12T22:34:37+05:30,Add files via upload,5,08d2d7dbc009644d66722defc5af59bc6b75f077,notVolatileVarIrq,main.c.dump
codes/raspberrypipico,2023-04-12T22:34:37+05:30,Add files via upload,5,08d2d7dbc009644d66722defc5af59bc6b75f077,notVolatileVarIrq,main.c.dump
codes/raspberrypipico,2023-04-12T22:34:37+05:30,Add files via upload,5,08d2d7dbc009644d66722defc5af59bc6b75f077,notVolatileVarIrq,main.c.dump
codes/raspberrypipico,2023-04-12T22:34:37+05:30,Add files via upload,5,08d2d7dbc009644d66722defc5af59bc6b75f077,notVolatileVarIrq,main.c.dump
codes/raspberrypipico,2023-04-12T22:34:37+05:30,Add files via upload,5,08d2d7dbc009644d66722defc5af59bc6b75f077,notVolatileVarIrq,main.c.dump
codes/raspberrypipico,2023-04-12T22:46:11+05:30,Add files via upload,6,71cd2c66e6969a5288d8c2e642c7d5f01a756dd5,notVolatileVarIrq,main.c.dump
codes/raspberrypipico,2023-04-12T22:46:11+05:30,Add files via upload,6,71cd2c66e6969a5288d8c2e642c7d5f01a756dd5,notVolatileVarIrq,main.c.dump
codes/raspberrypipico,2023-04-12T22:46:11+05:30,Add files via upload,6,71cd2c66e6969a5288d8c2e642c7d5f01a756dd5,notVolatileVarIrq,main.c.dump
codes/raspberrypipico,2023-04-12T22:46:11+05:30,Add files via upload,6,71cd2c66e6969a5288d8c2e642c7d5f01a756dd5,notVolatileVarIrq,main.c.dump
codes/raspberrypipico,2023-04-12T22:46:11+05:30,Add files via upload,6,71cd2c66e6969a5288d8c2e642c7d5f01a756dd5,notVolatileVarIrq,main.c.dump
codes/raspberrypipico,2023-04-12T22:46:11+05:30,Add files via upload,6,71cd2c66e6969a5288d8c2e642c7d5f01a756dd5,notVolatileVarIrq,main.c.dump
codes/raspberrypipico,2023-04-12T22:46:11+05:30,Add files via upload,6,71cd2c66e6969a5288d8c2e642c7d5f01a756dd5,notVolatileVarIrq,main.c.dump
codes/raspberrypipico,2023-04-12T22:46:11+05:30,Add files via upload,6,71cd2c66e6969a5288d8c2e642c7d5f01a756dd5,notVolatileVarIrq,main.c.dump
codes/raspberrypipico,2023-04-12T22:46:11+05:30,Add files via upload,6,71cd2c66e6969a5288d8c2e642c7d5f01a756dd5,notVolatileVarIrq,main.c.dump
codes/raspberrypipico,2023-04-12T22:46:11+05:30,Add files via upload,6,71cd2c66e6969a5288d8c2e642c7d5f01a756dd5,notVolatileVarIrq,main.c.dump
codes/raspberrypipico,2023-04-12T22:46:11+05:30,Add files via upload,6,71cd2c66e6969a5288d8c2e642c7d5f01a756dd5,notVolatileVarIrq,main.c.dump
codes/raspberrypipico,2023-04-12T22:46:11+05:30,Add files via upload,6,71cd2c66e6969a5288d8c2e642c7d5f01a756dd5,notVolatileVarIrq,main.c.dump
codes/raspberrypipico,2023-04-12T22:46:11+05:30,Add files via upload,6,71cd2c66e6969a5288d8c2e642c7d5f01a756dd5,notVolatileVarIrq,main.c.dump
codes/raspberrypipico,2023-04-12T22:46:11+05:30,Add files via upload,6,71cd2c66e6969a5288d8c2e642c7d5f01a756dd5,notVolatileVarIrq,main.c.dump
codes/raspberrypipico,2023-04-12T22:46:11+05:30,Add files via upload,6,71cd2c66e6969a5288d8c2e642c7d5f01a756dd5,notVolatileVarIrq,main.c.dump
codes/raspberrypipico,2023-04-12T22:50:11+05:30,Delete FreeRTOS directory,7,dcfb396fa7be7d2404a80c84dabc5e5fa3678939,notVolatileVarIrq,main.c.dump
codes/raspberrypipico,2023-04-12T22:50:11+05:30,Delete FreeRTOS directory,7,dcfb396fa7be7d2404a80c84dabc5e5fa3678939,notVolatileVarIrq,main.c.dump
codes/raspberrypipico,2023-04-12T22:50:11+05:30,Delete FreeRTOS directory,7,dcfb396fa7be7d2404a80c84dabc5e5fa3678939,notVolatileVarIrq,main.c.dump
codes/raspberrypipico,2023-04-12T22:50:11+05:30,Delete FreeRTOS directory,7,dcfb396fa7be7d2404a80c84dabc5e5fa3678939,notVolatileVarIrq,main.c.dump
codes/raspberrypipico,2023-04-12T22:50:11+05:30,Delete FreeRTOS directory,7,dcfb396fa7be7d2404a80c84dabc5e5fa3678939,notVolatileVarIrq,main.c.dump
codes/raspberrypipico,2023-04-12T22:50:11+05:30,Delete FreeRTOS directory,7,dcfb396fa7be7d2404a80c84dabc5e5fa3678939,notVolatileVarIrq,main.c.dump
codes/raspberrypipico,2023-04-12T22:50:11+05:30,Delete FreeRTOS directory,7,dcfb396fa7be7d2404a80c84dabc5e5fa3678939,notVolatileVarIrq,main.c.dump
codes/raspberrypipico,2023-04-12T22:50:11+05:30,Delete FreeRTOS directory,7,dcfb396fa7be7d2404a80c84dabc5e5fa3678939,notVolatileVarIrq,main.c.dump
codes/raspberrypipico,2023-04-12T22:50:11+05:30,Delete FreeRTOS directory,7,dcfb396fa7be7d2404a80c84dabc5e5fa3678939,notVolatileVarIrq,main.c.dump
codes/raspberrypipico,2023-04-12T22:50:11+05:30,Delete FreeRTOS directory,7,dcfb396fa7be7d2404a80c84dabc5e5fa3678939,notVolatileVarIrq,main.c.dump
codes/raspberrypipico,2023-04-12T22:50:11+05:30,Delete FreeRTOS directory,7,dcfb396fa7be7d2404a80c84dabc5e5fa3678939,notVolatileVarIrq,main.c.dump
codes/raspberrypipico,2023-04-12T22:50:11+05:30,Delete FreeRTOS directory,7,dcfb396fa7be7d2404a80c84dabc5e5fa3678939,notVolatileVarIrq,main.c.dump
codes/raspberrypipico,2023-04-12T22:50:11+05:30,Delete FreeRTOS directory,7,dcfb396fa7be7d2404a80c84dabc5e5fa3678939,notVolatileVarIrq,main.c.dump
codes/raspberrypipico,2023-04-12T22:50:11+05:30,Delete FreeRTOS directory,7,dcfb396fa7be7d2404a80c84dabc5e5fa3678939,notVolatileVarIrq,main.c.dump
codes/raspberrypipico,2023-04-12T22:50:11+05:30,Delete FreeRTOS directory,7,dcfb396fa7be7d2404a80c84dabc5e5fa3678939,notVolatileVarIrq,main.c.dump
